Point;x;y
1;13.89861672;7.854451036
2;-11.92148001;-5.893760337
3;6.444475709;-10.06726803
4;16.7488699;12.69205305
5;10.98348496;9.937428937
6;-12.39756162;2.040594921
7;-4.502590607;1.30077917
8;8.307952519;17.65680636
9;-20.23990162;0.781903826
10;5.656543125;14.78408789
11;-11.5720534;-0.197920538
12;0.072528449;-2.469920938
13;-7.87430021;10.11602181
14;5.010944821;15.40616381
15;-1.285214366;-2.635096359
